Id,Label,month
2023-12-01_1993.txt,"Israel-Hamas war: List of key events, day 56",12
2023-12-03_1954.txt,"Israel-Hamas war: List of key events, day 58",12
2023-11-03_2619.txt,"Israel-Hamas war: List of key events, day 28",11
2023-11-01_2677.txt,"Israel-Hamas war: List of key events, day 26",11
2023-11-08_2496.txt,"Israel-Hamas war: List of key events, day 33",11
2023-11-02_2642.txt,"Israel-Hamas war: List of key events, day 27",11
2023-11-05_2567.txt,"Israel-Hamas war: List of key events, day 30",11
2023-11-07_2521.txt,"Israel-Hamas war: List of key events, day 32",11
2023-11-04_2588.txt,"Israel-Hamas war: List of key events, day 29",11
2023-11-06_2547.txt,"Israel-Hamas war: List of key events, day 31",11
2023-10-13_3166.txt,"Israel-Hamas war: List of key events, day 7",10
2023-11-30_2007.txt,"Israel-Hamas war: List of key events, day 55",11
2023-10-20_2978.txt,"Israel-Hamas war: List of key events, day 14",10
2023-10-16_3104.txt,"Israel-Hamas war: List of key events, day 10",10
2023-11-27_2068.txt,"Israel-Hamas war: List of key events, day 52",11
2023-11-25_2097.txt,"Israel-Hamas war: List of key events, day 50",11
2023-10-22_2929.txt,"Israel-Hamas war: List of key events, day 16",10
2023-11-28_2047.txt,"Israel-Hamas war: List of key events, day 53",11
2023-11-23_2145.txt,"Israel-Hamas war: List of key events, day 48",11
2023-10-25_2866.txt,"Israel-Hamas war: List of key events, day 19",10
2023-11-24_2124.txt,"Israel-Hamas war: List of key events, day 49",11
2023-10-27_2810.txt,"Israel-Hamas war: List of key events, day 21",10
2023-10-28_2776.txt,"Israel-Hamas war: List of key events, day 22",10
2023-10-19_3010.txt,"Israel-Hamas war: List of key events, day 13",10
2023-11-09_2469.txt,"Israel-Hamas war: List of key events, day 34",11
2023-10-23_2913.txt,"Israel-Hamas war: List of key events, day 17",10
2023-10-14_3134.txt,"Israel-Hamas war: List of key events, day 8",10
2023-10-30_2733.txt,"Israel-Hamas war: List of key events, day 24",10
2023-11-20_2218.txt,"Israel-Hamas war: List of key events, day 45",11
2023-11-13_2373.txt,"Israel-Hamas war: List of key events, day 38",11
2023-11-22_2173.txt,"Israel-Hamas war: List of key events, day 47",11
2023-11-16_2301.txt,"Israel-Hamas war: List of key events, day 41",11
2023-11-21_2192.txt,"Israel-Hamas war: List of key events, day 46",11
2023-10-10_3253.txt,"Israel and Hamas war: List of key events, day 4 after surprise attack",10
2023-11-14_2349.txt,"Israel-Hamas war: List of key events, day 39",11
2023-11-12_2389.txt,"Israel-Hamas war: List of key events, day 37",11
2023-10-24_2887.txt,"Israel-Hamas war: List of key events, day 18",10
2023-10-18_3040.txt,"Israel-Hamas war: List of key events, day 12",10
2023-10-31_2703.txt,"Israel-Hamas war: List of key events, day 25",10
2023-10-26_2839.txt,"Israel-Hamas war: List of key events, day 20",10
2023-11-10_2439.txt,"Israel-Hamas war: List of key events, day 35",11
2023-11-15_2325.txt,"Israel-Hamas war: List of key events, day 40",11
2023-12-05_1926.txt,"Israel-Hamas war: List of key events, day 60",12
2023-12-04_1939.txt,"Israel-Hamas war: List of key events, day 59",12
2023-12-07_1887.txt,"Israel-Hamas war: List of key events, day 62",12
2023-12-06_1903.txt,"Israel-Hamas war: List of key events, day 61",12
2023-12-08_1870.txt,"Israel-Hamas war: List of key events, day 63",12
2023-12-14_1769.txt,"Israel-Hamas war: List of key events, day 69",12
2023-12-12_1802.txt,"Israel-Hamas war: List of key events, day 67",12
2023-12-17_1711.txt,"Israel-Hamas war: List of key events, day 72",12
2023-12-09_1850.txt,"Israel-Hamas war: List of key events, day 64",12
2023-12-16_1730.txt,"Israel-Hamas war: List of key events, day 71",12
2023-12-23_1638.txt,"Israel-Hamas war: List of key events, day 78",12
2023-12-19_1690.txt,"Israel-Hamas war: List of key events, day 74",12
2023-12-24_1625.txt,"Israel-Hamas war: List of key events, day 79",12
2023-11-17_2269.txt,"Israel-Hamas war: List of key events, day 42",11
2023-10-17_3067.txt,"Israel-Hamas war: List of key events, day 11",10
2023-12-13_1786.txt,"Israel-Hamas war: List of key events, day 68",12
2023-12-11_1819.txt,"Israel-Hamas war: List of key events, day 66",12
2023-12-18_1701.txt,"Israel-Hamas war: List of key events, day 73",12
2023-10-21_2944.txt,"Israel-Hamas war: List of key events, day 15",10
2023-12-15_1750.txt,"Israel-Hamas war: List of key events, day 70",12
2024-01-27_1257.txt,"Israel’s war on Gaza: List of key events, day 113",1
2024-01-25_1284.txt,"Israel’s war on Gaza: List of key events, day 111",1
2024-01-18_1360.txt,"Israel’s war on Gaza: List of key events, day 104",1
2024-02-27_934.txt,"Israel’s war on Gaza: List of key events, day 144",2
2024-01-30_1226.txt,"Israel’s war on Gaza: List of key events, day 116",1
2024-01-11_1444.txt,"Israel’s war on Gaza: List of key events, day 97",1
2024-01-16_1382.txt,"Israel’s war on Gaza: List of key events, day 102",1
2024-03-26_254.txt,"Israel’s war on Gaza: List of key events, day 172",3
2024-01-15_1394.txt,"Israel’s war on Gaza: List of key events, day 101",1
2024-02-22_989.txt,"Israel’s war on Gaza: List of key events, day 139",2
2024-03-01_894.txt,"Israel’s war on Gaza: List of key events, day 147",3
2024-02-23_977.txt,"Israel’s war on Gaza: List of key events, day 140",2
2024-02-14_1091.txt,"Israel’s war on Gaza: List of key events, day 131",2
2024-01-19_1351.txt,"Israel’s war on Gaza: List of key events, day 105",1
2024-02-25_957.txt,"Israel’s war on Gaza: List of key events, day 142",2
2024-01-21_1329.txt,"Israel’s war on Gaza: List of key events, day 107",1
2024-01-29_1237.txt,"Israel’s war on Gaza: List of key events, day 115",1
2024-01-14_1405.txt,"Israel’s war on Gaza: List of key events, day 100",1
2024-02-18_1049.txt,"Israel’s war on Gaza: List of key events, day 135",2
2024-03-27_246.txt,"Israel’s war on Gaza: List of key events, day 173",3
2024-01-22_1317.txt,"Israel’s war on Gaza: List of key events, day 108",1
2024-01-31_1221.txt,"Israel’s war on Gaza: List of key events, day 117",1
2024-01-17_1370.txt,"Israel’s war on Gaza: List of key events, day 103",1
2024-03-02_885.txt,"Israel’s war on Gaza: List of key events, day 148",3
2024-01-26_1275.txt,"Israel’s war on Gaza: List of key events, day 112",1
2024-03-09_810.txt,"Israel’s war on Gaza: List of key events, day 155",3
2024-03-07_832.txt,"Israel’s war on Gaza: List of key events, day 153",3
2024-03-08_819.txt,"Israel’s war on Gaza: List of key events, day 154",3
2024-03-05_856.txt,"Israel’s war on Gaza: List of key events, day 151",3
2024-03-06_846.txt,"Israel’s war on Gaza: List of key events, day 152",3
2024-03-30_214.txt,"Israel’s war on Gaza: List of key events, day 176",3
2024-02-19_1031.txt,"Israel’s war on Gaza: List of key events, day 136",2
2024-02-01_1211.txt,"Israel’s war on Gaza: List of key events, day 118",2
2024-02-03_1189.txt,"Israel’s war on Gaza: List of key events, day 120",2
2024-02-05_1175.txt,"Israel’s war on Gaza: List of key events, day 122",2
2024-02-02_1201.txt,"Israel’s war on Gaza: List of key events, day 119",2
2024-02-06_1170.txt,"Israel’s war on Gaza: List of key events, day 123",2
2024-02-07_1162.txt,"Israel’s war on Gaza: List of key events, day 124",2
2024-01-04_1505.txt,"Israel’s war on Gaza: List of key events, day 90",1
2024-01-06_1490.txt,"Israel’s war on Gaza: List of key events, day 92",1
2024-01-23_1304.txt,"Israel’s war on Gaza: List of key events, day 109",1
2024-01-20_1339.txt,"Israel’s war on Gaza: List of key events, day 106",1
2024-02-20_1012.txt,"Israel’s war on Gaza: List of key events, day 137",2
2024-03-17_334.txt,"Is­rael’s war on Gaza: List of key events, day 163",3
2024-02-04_1183.txt,"Israel’s war on Gaza: List of key events, day 121",2
2024-02-12_1118.txt,"Israel’s war on Gaza: List of key events, day 129",2
2024-01-12_1429.txt,"Israel’s war on Gaza: List of key events, day 98",1
2024-01-13_1413.txt,"Israel’s war on Gaza: List of key events, day 99",1
2024-01-07_1480.txt,"Israel’s war on Gaza: List of key events, day 93",1
2024-01-10_1456.txt,"Israel’s war on Gaza: List of key events, day 96",1
2024-02-28_919.txt,"Israel’s war on Gaza: List of key events, day 145",2
2024-01-24_1295.txt,"Israel’s war on Gaza: List of key events, day 110",1
2024-01-28_1248.txt,"Israel’s war on Gaza: List of key events, day 114",1
2024-03-10_399.txt,"Is­rael’s war on Gaza: List of key events, day 156",3
2024-02-26_946.txt,"Israel’s war on Gaza: List of key events, day 143",2
2024-03-24_272.txt,"Is­rael’s war on Gaza: List of key events, day 170",3
2024-03-29_220.txt,"Israel’s war on Gaza: List of key events, day 175",3
2024-03-14_358.txt,"Is­rael’s war on Gaza: List of key events, day 160",3
2024-02-21_1004.txt,"Israel’s war on Gaza: List of key events, day 138",2
2024-04-04_153.txt,"Israel’s war on Gaza: List of key events, day 181",4
2024-03-31_203.txt,"Israel’s war on Gaza: List of key events, day 177",3
2024-04-10_81.txt,"Israel’s war on Gaza: List of key events, day 187",4
2024-04-07_116.txt,"Israel’s war on Gaza: List of key events, day 184",4
2024-04-16_23.txt,"Israel’s war on Gaza: List of key events, day 193",4
2024-04-11_71.txt,"Israel’s war on Gaza: List of key events, day 188",4
2024-03-12_380.txt,"Is­rael’s war on Gaza: List of key events, day 158",3
2024-04-06_125.txt,"Israel’s war on Gaza: List of key events, day 183",4
2024-04-05_140.txt,"Israel’s war on Gaza: List of key events, day 182",4
2024-02-16_1067.txt,"Israel’s war on Gaza: List of key events, day 133",2
2024-03-22_285.txt,"Is­rael’s war on Gaza: List of key events, day 168",3
2024-02-15_1072.txt,"Israel’s war on Gaza: List of key events, day 132",2
2024-03-16_343.txt,"Is­rael’s war on Gaza: List of key events, day 162",3
2024-02-24_965.txt,"Israel’s war on Gaza: List of key events, day 141",2
2024-03-23_277.txt,"Is­rael’s war on Gaza: List of key events, day 169",3
2024-03-28_234.txt,"Israel’s war on Gaza: List of key events, day 174",3
2024-03-21_300.txt,"Is­rael’s war on Gaza: List of key events, day 167",3
2024-03-11_390.txt,"Is­rael’s war on Gaza: List of key events, day 157",3
2024-03-17_338.txt,Israel’s war on Gaza updates: Rafah invasion to be ‘avoided at all costs’,3
2024-03-16_344.txt,Israel’s war on Gaza updates: ‘Humanitarian catastrophe’ must not escalate,3
2024-03-22_289.txt,"Israel’s war on Gaza updates: Russia, China veto US resolution on Gaza",3
2024-03-20_313.txt,Israel’s war on Gaza updates: Israel ‘negative’ on Hamas truce proposal,3
2024-03-12_381.txt,Israel’s war on Gaza updates: ‘This war is a war on children’ – UN,3
2024-03-21_301.txt,Israel’s war on Gaza updates: ‘Rafah is Gaza’s last hope’ – UNICEF,3
2024-03-23_278.txt,Israel’s war on Gaza updates: UN chief says blocked aid a ‘moral outrage’,3
2024-03-25_267.txt,Israel’s war on Gaza updates: UN expert reports on genocidal acts in Gaza,3
2024-03-26_257.txt,Israel’s war on Gaza updates: Israel says Hamas chief killed on March 10,3
2024-03-27_248.txt,Israel’s war on Gaza updates: Ceasefire hopes ‘drowned out by bombs’,3
2024-03-28_237.txt,Israel’s war on Gaza updates: ICJ again orders Israel to ensure aid to Gaza,3
2024-03-30_616.txt,Israel’s war on Gaza updates: Ceasefire talks to resume in Egypt,3
2024-03-29_225.txt,Israel’s war on Gaza updates: Deadly strike on centre housing displaced,3
2024-04-03_165.txt,Israel’s war on Gaza updates: 6 months of war sees children deprived of aid,4
2024-03-31_207.txt,Israel’s war on Gaza updates: Israeli army says Hezbollah commander killed,3
2024-04-02_184.txt,Israel’s war on Gaza updates: Aid workers killed amid ‘man-made famine’,4
2024-04-01_196.txt,Israel’s war on Gaza updates: New Israeli law paves way for Al Jazeera ban,4
2024-04-04_157.txt,Israel’s war on Gaza updates: Biden threatens policy change on Gaza,4
2024-04-07_120.txt,Israel’s war on Gaza updates: Israel says troops moved for new operations,4
2024-04-05_143.txt,Israel’s war on Gaza updates: ‘Scattered measures’ for Gaza aid not enough,4
2024-04-06_126.txt,Israel’s war on Gaza updates: Hamas sending team to Egypt ceasefire talks,4
2024-04-08_107.txt,Israel’s war on Gaza updates: Netanyahu says date set for Rafah offensive,4
2024-04-09_94.txt,"Israel’s war on Gaza updates: Israel blocked half of March food convoys, UN",4
2024-04-16_25.txt,Israel’s war on Gaza updates: Israeli attack on Gaza police vehicle kills 9,4
2024-04-15_35.txt,Israel’s war on Gaza updates: New mass grave found at al-Shifa Hospital,4
2024-03-06_847.txt,Israel’s war on Gaza updates: South Africa asks ICJ to prevent famine,3
2023-11-07_2527.txt,Israel-Hamas war updates: Israeli leaders vow to keep up Gaza bombardments,11
2023-12-14_1772.txt,"Israel-Hamas war updates: Netanyahu thanks US for support, weapons",12
2024-04-11_73.txt,"Israel’s war on Gaza updates: Famine already in north Gaza, says US",4
2024-04-10_83.txt,Israel’s war on Gaza updates: Hamas chief’s sons killed in Israeli attack,4
2023-10-13_3174.txt,Israel-Hamas updates: Thousands flee as Israel starts ground raids in Gaza,10
2024-04-12_65.txt,Israel’s war on Gaza updates: One dead as settlers rampage in West Bank,4
2024-03-07_834.txt,Israel’s war on Gaza live: US to build port as Israel blocks aid via roads,3
2024-02-28_923.txt,Israel’s war on Gaza updates: 6 children die of malnutrition in north Gaza,2
2024-03-18_330.txt,"Is­rael’s war on Gaza: List of key events, day 164",3
2024-04-03_163.txt,"Israel’s war on Gaza: List of key events, day 180",4
2024-04-01_194.txt,"Israel’s war on Gaza: List of key events, day 178",4
2024-03-25_265.txt,"Is­rael’s war on Gaza: List of key events, day 171",3
2024-04-08_101.txt,"Israel’s war on Gaza: List of key events, day 185",4
2023-04-11_3631.txt,History Illustrated: The war on Al-Aqsa,4
2023-10-11_3217.txt,History Illustrated: The story of Hamas and its fight for Palestine,10
2023-07-07_3444.txt,History Illustrated: The Jenin refugee camp story,7
2023-05-15_3564.txt,Ethnic cleansing in Palestine,5
2023-10-27_2801.txt,"The Gaza Strip: Under siege, at war with Israel",10
2023-10-16_3087.txt,History Illustrated: The war on Al-Aqsa redux,10
2023-11-09_2459.txt,The war on Gaza: A masterclass in disinformation,11
2023-12-08_1869.txt,The first Intifada against Israel,12
2023-11-27_2067.txt,"Israel, Hamas and the toil of the prisoner exchange",11
2024-01-23_1305.txt,"Israel, Gaza, Germany and the genocide in Namibia",1
2024-02-20_1013.txt,ICJ hearings on Israel’s occupation of Palestine updates: Day two,2
2024-02-27_937.txt,Israel’s war on Gaza updates: Looming famine could ‘kill thousands’ in days,2
2024-01-06_1492.txt,Israel war on Gaza updates: Children dying ‘in every possible way’,1
2024-01-07_1481.txt,Israel war on Gaza updates: Condemnation after Israel kills 2 journalists,1
2024-03-04_866.txt,Israel’s war on Gaza updates: Sexual violence no excuse for more violence,3
2024-02-29_908.txt,Israel’s war on Gaza updates: ‘Life draining out of Gaza’-UN on aid attack,2
2024-03-03_874.txt,Israel’s war on Gaza updates: Israel again attacks aid seekers in Gaza City,3
2024-03-05_859.txt,Israel’s war on Gaza updates: Israel kills three as US envoy visits Beirut,3
2024-03-01_899.txt,Israel’s war on Gaza updates: Biden says US will air drop aid to enclave,3
2024-03-14_359.txt,Israel’s war on Gaza updates: At least 21 killed in attack on aid seekers,3
2023-10-30_2741.txt,Israel-Hamas war updates: Netanyahu rejects ceasefire after captive video,10
2023-10-27_2821.txt,Israel-Hamas war updates: Israeli ground forces expanding Gaza operations,10
2023-10-26_2844.txt,Israel-Hamas war updates: Names of Palestinians killed in Gaza released,10
2023-10-31_2708.txt,"Israel-Hamas war updates: Dozens killed in Jabalia camp, Gaza official says",10
2023-10-23_2894.txt,"Israel-Hamas war updates: WHO urges fuel, healthcare deliveries to Gaza",10
2023-10-10_3233.txt,Israel-Hamas war updates: Hamas claims release of woman and children,10
2023-10-09_3270.txt,Israel-Hamas war updates: Israeli bombing rocks Gaza through the night,10
2023-11-09_2473.txt,Israel-Hamas war updates: Israeli attacks hit children’s hospital in Gaza,11
2023-10-19_2985.txt,Israel-Gaza war updates: Biden welcomes release of US captives from Gaza,10
2023-10-28_2762.txt,Israel-Hamas war updates: Israel bombs areas near Gaza’s Al-Quds Hospital,10
2023-11-12_2393.txt,Israel-Hamas war updates: Snipers targeting those sheltering in al-Shifa,11
2023-11-13_2379.txt,Israel-Hamas war updates: Palestinians killed in Israeli attack on Jabalia,11
2023-11-27_2075.txt,"Israel-Hamas war updates: 33 Palestinians, 11 Israelis released",11
2023-10-24_2873.txt,"Israel-Hamas live updates: 6,500 Palestinians killed by Israel in Gaza",10
2023-11-16_2304.txt,Israel-Hamas war updates: Gaza hospitals buckle under Israeli attacks,11
2023-11-17_2276.txt,Israel-Hamas war updates: Aid groups warn Israel’s siege strangling Gaza,11
2023-11-10_2447.txt,Israel-Hamas war updates: Al-Shifa Hospital under threat,11
2023-10-09_3285.txt,"Israel-Hamas war updates: Gaza under ‘total blockade’, refugee camp hit",10
2023-11-02_2655.txt,Israel-Hamas war updates: Israel says its forces surround Gaza City,11
2023-11-03_2625.txt,Israel-Hamas war updates: Israeli strike hits Gaza medical convoy,11
2023-12-05_1927.txt,"Israel-Hamas war updates: More than 16,200 dead in Gaza from Israeli attack",12
2023-12-07_1891.txt,Israel-Hamas war updates: Gaza faces heavy Israeli bombardment,12
2023-12-06_1907.txt,Israel-Hamas war updates: UN chief invokes rare Article 99 over Gaza war,12
2023-12-08_1873.txt,Israel-Hamas war updates: US vetoes UN resolution urging Gaza ceasefire,12
2023-11-01_2681.txt,Israel-Hamas war updates: Israel’s Jabalia attacks may be ‘war crimes’ – UN,11
2023-11-08_2501.txt,Israel-Hamas war updates: UN rights chief warns of Gaza ‘living nightmare’,11
2023-11-14_2355.txt,Israel-Hamas war updates: Israel says it will raid al-Shifa – Ministry,11
2023-11-20_2222.txt,Israel-Hamas war updates: US says captive release deal ‘closer than ever’,11
2023-11-22_2180.txt,Israel-Hamas war updates: Palestinians buried in mass grave as truce nears,11
2023-11-21_2198.txt,Israel-Hamas war updates: Israeli gov’t meets to vote on Gaza truce deal,11
2023-12-01_1997.txt,Israel-Hamas war updates: Over 175 killed as Israeli resumes Gaza attacks,12
2023-11-30_2014.txt,Israel-Hamas war updates: More Palestinian prisoners released,11
2023-11-28_2051.txt,Israel-Hamas war updates: Palestinian prisoners arrive home after release,11
2023-11-29_2035.txt,Israel-Hamas war updates: Ten more Israeli captives released in Gaza,11
2023-12-04_1942.txt,Israel-Hamas war updates: Communications cut amid southern Gaza offensive,12
2023-12-19_1692.txt,Israel-Hamas war updates: US holds up UN vote on Gaza truce,12
2023-12-15_1753.txt,Israel-Hamas war updates: Israeli attack kills Al Jazeera’s Samer Abudaqa,12
2023-12-22_1653.txt,Israel-Hamas war updates: Security Council passes ‘diluted’ Gaza resolution,12
2023-12-25_1618.txt,"Israel-Hamas war updates: ‘We are not stopping,’ vows PM Netanyahu",12
2023-11-23_2154.txt,"Israel-Hamas war updates: Israel bombs UN school, killing ‘at least 27’",11
2023-10-21_2937.txt,Israel-Hamas war updates: Hamas says repelled ground attack in Gaza,10
2024-04-13_54.txt,"Israel’s war on Gaza updates: Iran sends drones, missiles towards Israel",4
2024-01-11_1445.txt,ICJ updates: South Africa’s genocide case against Israel over Gaza war,1
2024-02-11_1133.txt,Israel’s war on Gaza updates: Hamas says Rafah assault would end talks,2
2024-01-02_1532.txt,"Israel’s war on Gaza: List of key events, day 88",1
2023-10-18_3017.txt,Israel-Hamas war updates: Regional tensions soar as Israel bombs Gaza,10
2023-12-05_1916.txt,The Take: Israel’s war on Gaza looms over COP28 Dubai,12
2023-11-10_2430.txt,The Take: Arrests and harassment threaten Palestinians in Israel,11
2023-11-21_2186.txt,The Take: The genocide lawsuit against Joe Biden over Israel-Gaza war,11
2023-12-06_1897.txt,The Take: The role of Israeli AI in Gaza’s massive death toll,12
2023-11-14_2340.txt,The Take: What can protests do to block military aid from the US to Israel?,11
2023-10-25_2857.txt,The Take: Why is Israel delaying a ground invasion of Gaza?,10
2023-12-14_1759.txt,The Take: Can the UN do anything to stop Israel’s war on Gaza?,12
2023-10-20_2967.txt,The Take: The backlash to supporting Palestine,10
2023-10-26_2832.txt,The Take: Ukraine and Gaza wars – is there a double standard at play?,10
2024-01-02_1529.txt,The Take: Are Hezbollah and Israel close to an all-out war?,1
2023-11-29_2025.txt,"The Take: With Israel’s release of prisoners, thousands more still detained",11
2023-11-15_2313.txt,"The Take: Detained, tortured and banned – Workers from Gaza in Israel",11
2023-11-28_2045.txt,"The Take: After Israel and Hamas extend their truce, what comes next?",11
2023-10-31_2707.txt,The Take: Are the captives a priority in Israel’s war on Gaza?,10
2023-10-24_2880.txt,The Take: A new era of solidarity for the Palestinian cause,10
2023-12-04_1933.txt,The Take: US shooting of Palestinian students sparks climate of fear,12
2023-10-12_3208.txt,"The Take: As Israel unifies, Gaza pays the price",10
2023-11-09_2457.txt,The Take: Gaza hospitals on the brink of collapse amid Israel’s bombardment,11
2023-10-13_3171.txt,The Take: What media outlets get wrong on Israel and Palestine,10
2023-11-06_2551.txt,The Take: A history of Gaza’s worst and best days,11
2023-10-23_2904.txt,The Take: Censorship and disinformation – the online war on Gaza,10
2023-12-15_1743.txt,The Take: What do Israelis think of the war on Gaza?,12
2023-11-02_2652.txt,The Take: What do Russia and China think of the Israeli war on Gaza?,11
2023-10-17_3060.txt,"The Take: The other blockade – As Gaza escalates, so does the West Bank",10
2023-11-23_2138.txt,The Take: Inside the Hamas-Israel truce deal,11
2023-10-11_3219.txt,The Take: ‘The US has Israel’s back.’ How far could the war spread?,10
2023-10-28_2783.txt,"The Take: With communications cut off, Gaza goes dark amid Israeli attacks",10
2023-11-07_2512.txt,The Take: US protesters show up for Palestine. What will Biden do next?,11
2023-07-28_3396.txt,What’s behind Israel’s ‘judicial coup’?,7
2023-10-31_2682.txt,The Take: What is the risk of wider conflict between Israel and Hezbollah?,10
2023-10-16_3107.txt,"The Take: Facing ‘total collapse,’ Gaza doctors fight to remain a lifeline",10
2023-08-09_3385.txt,How Israeli technology turns occupation into profit,8
2023-11-03_2623.txt,The Take: Inside the West Bank’s surging Israeli settler violence,11
2023-07-13_3425.txt,What the Jenin raids mean for the Palestinian Authority,7
2023-10-10_3258.txt,The Take: Where do you go when Israel strikes down your home in Gaza?,10
2023-10-13_3139.txt,The Take: How an Israeli ‘intelligence failure’ informed the war on Gaza,10
2023-10-02_3317.txt,"As Arab-Israeli normalisation expands, where do Palestinians fit?",10
2023-11-16_2290.txt,The Take: The Hamas tunnels and al-Shifa Hospital,11
2023-10-27_2797.txt,The Take: Wael Dahdouh’s family was killed in Gaza. He kept reporting.,10
2023-10-30_2740.txt,The Take: Israel’s ground war on Gaza begins,10
2023-11-20_2209.txt,"The Take: Piles of corpses, dying babies – al-Shifa Hospital’s catastrophe",11
2023-11-08_2499.txt,The Take: Diaries of Israel’s war on Gaza,11
2023-10-19_3000.txt,The Take: Will the Gaza hospital attack be a turning point for the world?,10
2023-06-23_3484.txt,Will we see a major Israeli assault in the occupied West Bank?,6
2023-09-06_3346.txt,Libya’s anti-Israel protests and the future of normalising relations,9
2023-10-18_3042.txt,"The Take: When it comes to Gaza, when is it called a war crime?",10
2023-10-08_3288.txt,The Take: The shockwaves of the Hamas assault on Israel,10
2024-01-04_1503.txt,"The Take: Israel, Palestine, BDS, and the right to boycott in the US",1
2024-01-15_1388.txt,The Take: The discontent brewing in the Biden administration over Gaza,1
2024-01-22_1311.txt,The Take: What will remain of journalism in Gaza?,1
2024-01-11_1440.txt,The Take: The last keffiyeh factory in Palestine,1
2024-01-29_1232.txt,"The Take: As US and UK air strikes land, Yemenis wonder what’s next",1
2024-02-16_1063.txt,"The Take: As Israel attacks Rafah, how will Egypt respond at the border?",2
2024-01-05_1495.txt,A Hamas leader is killed – what’s the state of play in the Middle East?,1
2024-01-26_1270.txt,The Take: How long can Israel afford its war on Gaza?,1
2024-01-19_1345.txt,The Take: Why is Germany supporting Israel at the ICJ?,1
2024-01-10_1453.txt,The Take: The Houthis’ grip on Red Sea trade,1
2024-02-08_1150.txt,"The Take: As Israel strikes Gaza’s Rafah, what can US diplomacy achieve?",2
2024-01-12_1421.txt,The Take: Why South Africa is suing Israel for genocide in Gaza,1
2024-01-31_1219.txt,The Take – ‘Lost trust’: Gaza residents await ceasefire deal,1
2024-02-12_1116.txt,The Take: Is Israel replacing Palestinian workers with Indians?,2
2024-02-19_1023.txt,The Take: The story of Hind Rajab,2
2024-02-21_996.txt,US faith leaders call for a ceasefire. Will President Biden listen?,2
2024-03-11_387.txt,The Take: Observing Ramadan against the backdrop of war,3
2024-02-22_983.txt,What could a ruling on Israeli occupation mean for Palestine’s future?,2
2024-02-28_914.txt,The Take: ‘An extreme act’ – Why Aaron Bushnell self-immolated for Gaza,2
2024-03-07_824.txt,The Take: Gaza’s starvation looms over Biden’s State of the Union address,3
2024-03-20_306.txt,The Take: Why has Israel launched an attack on al-Shifa Hospital again?,3
2024-03-01_892.txt,Palestinians were seeking food in Gaza City. Israeli forces opened fire,3
2023-05-15_3562.txt,Is a ‘new Nakba’ happening in Gaza?,5
2024-03-21_295.txt,The Take: The strength and agony of Gaza’s mothers,3
2024-03-27_245.txt,The Take: UN Security Council votes for a Gaza ceasefire. Will it happen?,3
2024-03-28_229.txt,The Take – October 7: Al Jazeera investigates,3
2024-04-03_160.txt,The Take: Will Israel’s protests change Netanyahu’s calculus?,4
2024-01-03_1520.txt,"Israel’s war on Gaza: List of key events, day 89",1
2023-10-16_3076.txt,Israel-Hamas war updates: Hundreds killed in Gaza hospital ‘massacre’,10
2021-05-23_4606.txt,Will Canada’s PM Justin Trudeau finally keep his word?,5
2023-05-11_3584.txt,Israel-Palestine conflict updates: Dozens killed in Gaza bombings,5
2023-04-07_3641.txt,Israel-Palestine updates: One killed in Tel Aviv attack,4
2023-10-30_2727.txt,Katherine Maher replaces former Web Summit CEO following ‘war crimes’ post,10
2024-01-14_1402.txt,Iran vs Palestine 4-1: AFC Asian Cup 2023 – as it happened,1
2023-01-23_3784.txt,Protests after Israeli threats to remove Palestinian village,1
2023-02-23_3717.txt,Israel-Palestine conflict updates: Israel bombs Gaza,2
2023-04-27_3616.txt,EU’s ‘Israeli independence’ message rebuked in Palestine,4
2023-05-02_3612.txt,How to ignore Israel’s apartheid: Learn from Ursula von der Leyen,5
2024-02-01_1208.txt,Is South Africa’s foreign policy contradictory or a balancing act?,2
2023-12-07_1884.txt,Israel’s war on Gaza: Can Guterres’s use of UN’s Article 99 bring peace?,12
2021-05-21_4625.txt,"Mapping Gaza: Schools, hospitals, refugee camps and more",5
2023-10-13_3165.txt,What is the white phosphorus that Israel is accused of using in Gaza?,10
2023-04-02_3662.txt,Israeli cabinet approves Ben-Gvir’s ‘national guard’ plan,4
2022-11-01_3895.txt,Far-right Ben-Gvir emerges as key player in Israel,11
2023-08-24_3368.txt,Ben-Gvir says Israeli rights trump Palestinian freedom of movement,8
2022-06-30_4072.txt,Unilever sells local Ben & Jerry’s business to Israeli firm,6
2021-07-23_4441.txt,Can Israel criminalise Ben & Jerry’s ice cream in the US?,7
2021-07-20_4443.txt,"Israel will ‘act aggressively’ over Ben & Jerry’s ban, PM says",7
2021-08-03_4428.txt,Florida may divest from Ben & Jerry’s parent over Israel boycott,8
2022-07-06_4062.txt,Unilever decision spotlights crackdown on US Palestinian activism,7
2023-11-13_2370.txt,Never forget is now,11
2022-05-13_4171.txt,Slain Al Jazeera journalist Shireen Abu Akleh laid to rest,5
2022-05-23_4126.txt,Journalist Abu Akleh’s colleagues find strength in her legacy,5
2022-05-19_4140.txt,"A week on, Shireen Abu Akleh’s family grieves and wants justice",5
2022-07-26_4042.txt,Shireen Abu Akleh family meets Blinken in Washington,7
2022-05-19_4138.txt,Shireen Abu Akleh: US lawmakers demanding FBI investigate killing,5
2021-07-30_4434.txt,Israel’s war on (‘anti-Semitic’) ice cream,7
2024-03-29_224.txt,"Japan to resume funding to UNRWA, following Sweden, Finland and Canada",3
2022-09-02_3971.txt,Justice for Shireen: The Israeli investigation – Part 1,9
2023-10-10_3261.txt,Major international airlines suspend flights to Israel amid war on Gaza,10
2023-10-18_3034.txt,"Nice’s Atal, Mainz’s El Ghazi suspended for Israel-Palestine conflict posts",10
2022-05-15_4157.txt,‘Why should I leave?’: Palestinian Bedouins decry expulsion,5
2022-04-21_4231.txt,Israeli police fire rubber bullets in new Al-Aqsa incursion,4
2022-12-21_3841.txt,Why do so few Israelis refuse the military draft?,12
2022-05-17_4150.txt,US plan to remove Kahanist group from ‘terror’ list draws concern,5
2023-06-02_3529.txt,The Tories can never be true friends of Palestine,6
2022-06-23_4077.txt,Why are Arab nations teaming up with Israel?,6
2022-01-04_4294.txt,Israel agrees to release Palestinian prisoner on hunger strike,1
2023-12-30_1559.txt,"Israel-Hamas war: List of key events, day 85",12
2023-12-20_1679.txt,"Israel-Hamas war: List of key events, day 75",12
2023-12-25_1615.txt,"Israel-Hamas war: List of key events, day 80",12
2023-12-21_1667.txt,"Israel-Hamas war: List of key events, day 76",12
2023-12-22_1650.txt,"Israel-Hamas war: List of key events, day 77",12
2023-12-26_1600.txt,"Israel-Hamas war: List of key events, day 81",12
2024-04-17_17.txt,"Israel’s war on Gaza: List of key events, day 194",4
2024-04-17_18.txt,Israel’s war on Gaza updates: World awaits threatened attack on Iran,4
2024-03-19_321.txt,Israel’s war on Gaza updates: 23 killed in air strikes on food-aid workers,3
2024-04-08_103.txt,ICJ updates: Nicaragua’s case against Germany over Israel’s war on Gaza,4
2024-04-15_33.txt,"Israel’s war on Gaza: List of key events, day 192",4
2024-04-12_63.txt,"Israel’s war on Gaza: List of key events, day 189",4
2024-01-29_1239.txt,"Israel, genocide and whether the ICJ matters",1
2024-02-21_1003.txt,ICJ hearings on Israel’s occupation of Palestine updates: Day three,2
2024-03-15_353.txt,Israel’s war on Gaza updates: Hamas puts forth proposal aimed at ending war,3
2023-12-21_1670.txt,Israel-Hamas war updates: Hunger in Gaza ‘highest ever recorded’ – Report,12
2023-11-04_2595.txt,Israel-Hamas war updates: Another Gaza school hit by heavy Israeli bombing,11
2023-12-20_1681.txt,"Israel-Hamas war updates: Death toll in Gaza hits 20,000 as fighting rages",12
2023-12-27_1592.txt,"Israel-Hamas war updates: Israel, Turkey in war of words",12
2023-12-11_1823.txt,Israel-Hamas war updates: Gaza ‘fast becoming unlivable’ as fighting rages,12
2023-11-04_2572.txt,Israel-Hamas war updates: Israeli air strikes pound Gaza as troops encircle,11
2024-04-14_45.txt,Israel’s war on Gaza updates: UN chief says Middle East ‘on the brink’,4
2024-01-12_1431.txt,ICJ updates: Israel’s response to South Africa’s genocide case,1
2024-02-12_1123.txt,Israel’s war on Gaza updates: Calls to stave off Rafah offensive grow,2
2024-01-09_1465.txt,"Israel’s war on Gaza: List of key events, day 95",1
2023-10-21_2952.txt,"Russia-Ukraine war: List of key events, day 605",10
2023-10-28_2786.txt,Israel-Hamas war updates: ‘Long and difficult’ fight as Israel pummels Gaza,10
2024-04-10_76.txt,The Take: How do the hungry mark Eid al-Fitr in Gaza?,4
2024-04-05_131.txt,Did Israel intentionally target a World Central Kitchen convoy in Gaza?,4
2024-01-08_1472.txt,"Israel’s war on Gaza: List of key events, day 94",1
2023-10-13_3138.txt,Israel-Hamas war updates: Iran tells Israel to stop before ‘it’s too late’,10
2023-10-15_3109.txt,"Israel-Hamas war updates: Up to 250 captives held in Gaza, Hamas says",10
2023-10-17_3046.txt,Israel-Hamas war updates: Biden says 20 aid trucks to enter Gaza via Egypt,10
2022-09-25_3934.txt,Hell revisited: Surviving Israel’s bombs to get married,9
2023-05-13_3567.txt,Palestine updates: Gaza truce reported between warring sides,5
2023-07-05_3456.txt,Jenin updates: Residents start rebuilding after Israeli attack,7
2024-04-08_100.txt,Paddy Cosgrave returns to Web Summit after resigning over Israel criticism,4
2024-01-29_1234.txt,Qatar vs Palestine 2-1: AFC Asian Cup 2023 – as it happened,1
2023-01-31_3756.txt,Palestinians in Khan al-Ahmar stand ground amid displacement plan,1
2023-05-10_3585.txt,Israel-Palestine updates: Rocket fire after Gaza bombed,5
2023-10-20_2962.txt,EU staffers criticise von der Leyen’s ‘uncontrolled’ support of Israel,10
2024-03-28_235.txt,Are US-South Africa ties at breaking point over Israel’s war on Gaza?,3
2023-10-11_3228.txt,"Israel-Hamas war: List of key events, day 5",10
2023-12-07_1890.txt,UN secretary-general invokes Article 99 on Gaza,12
2022-08-07_4022.txt,The Gaza Strip explained in maps,8
2023-10-13_3168.txt,"Israel using white phosphorus in Gaza, Lebanon, endangering civilians: HRW",10
2023-04-03_3658.txt,Analysis: Why does Israel’s Ben-Gvir want a ‘national guard’?,4
2023-08-27_3365.txt,"Who is Israel’s far-right, pro-settler Security Minister Ben-Gvir?",8
2022-08-22_3985.txt,US court rejects Ben & Jerry’s push to block sales in West Bank,8
2024-04-07_115.txt,Israel’s message: ‘Don’t feed the Palestinians’,4
2022-05-13_4175.txt,UN experts condemn Shireen Abu Akleh’s killing: Latest updates,5
2022-12-24_3836.txt,‘An empty seat at the table’: Christmas without Shireen Abu Akleh,12
2022-09-06_3954.txt,Shireen Abu Akleh: How Biden team redefined ‘accountability’,9
2022-05-20_4134.txt,"US urges probe, accountability for Shireen Abu Akleh’s killing",5
2021-08-02_4432.txt,That time an Israeli-Palestinian ice cream feud refused to melt,8
2024-04-02_183.txt,"Japan lifts pause in funding for UNRWA, following Canada, Australia",4
2022-09-05_3962.txt,Justice for Shireen: The American investigation – Part 2,9
2024-02-28_921.txt,"Are airlines returning to Israel, despite the war on Gaza?",2
2023-11-03_2596.txt,Anwar El Ghazi’s contract terminated by Mainz over Israel-Palestine posts,11
2023-01-04_3810.txt,Palestinian villagers in Masafer Yatta face immediate expulsion,1
2022-04-21_4232.txt,Israeli fighter jets attack Gaza for second time in a week,4
2022-12-26_3832.txt,Returning to Gaza’s berries under blockade,12
2022-05-20_4135.txt,US removes ultranationalist Israeli group from ‘terror’ list,5
2023-11-20_2215.txt,UK Labour’s failure to call for a Gaza ceasefire is not surprising,11
2022-10-06_3922.txt,The digital occupation of Palestine,10
2022-03-10_4267.txt,‘Love for a free life’: Why Palestinian prisoners hunger strike,3
